Mes;TipoGasto;Valor;Municipio
1;Gasto Direto;4444.72;CANOAS
1;Gasto Direto;5999.6;CANOAS
1;Gasto Direto;23458.11;CANOAS
1;Gasto Direto;65081.65;CANOAS
1;Gasto Direto;1627.95;CANOAS
1;Gasto Direto;20679.01;CANOAS
1;Gasto Direto;3089.97;CANOAS
1;Gasto Direto;182039.06;CANOAS
1;Gasto Direto;219547.72;CANOAS
1;Gasto Direto;2286.0;CANOAS
1;Gasto Direto;1143.0;CANOAS
1;Gasto Direto;5686.31;CANOAS
1;Gasto Direto;4263.92;CANOAS
1;Gasto Direto;13059.82;CANOAS
1;Gasto Direto;1095.23;CANOAS
1;Gasto Direto;1095.23;CANOAS
1;Gasto Direto;7520.58;CANOAS
1;Gasto Direto;1095.23;CANOAS
1;Gasto Direto;3285.69;CANOAS
1;Gasto Direto;2190.46;CANOAS
1;Gasto Direto;2190.46;CANOAS
1;Gasto Direto;5877.73;CANOAS
1;Gasto Direto;1095.23;CANOAS
1;Gasto Direto;2190.46;CANOAS
1;Gasto Direto;3285.69;CANOAS
1;Gasto Direto;2190.46;CANOAS
1;Gasto Direto;2190.46;CANOAS
1;Gasto Direto;2190.46;CANOAS
1;Gasto Direto;3285.69;CANOAS
1;Gasto Direto;12969.02;CANOAS
1;Gasto Direto;128.04;CANOAS
1;Gasto Direto;835.68;CANOAS
1;Gasto Direto;3728.51;CANOAS
1;Gasto Direto;2957.45;CANOAS
1;Gasto Direto;835.68;CANOAS
1;Gasto Direto;3998.19;CANOAS
1;Gasto Direto;139.28;CANOAS
1;Gasto Direto;1390.87;CANOAS
1;Gasto Direto;139.28;CANOAS
1;Gasto Direto;417.84;CANOAS
1;Gasto Direto;1227.39;CANOAS
1;Gasto Direto;2513.35;CANOAS
1;Gasto Direto;974.96;CANOAS
1;Gasto Direto;3057.9;CANOAS
1;Gasto Direto;557.12;CANOAS
1;Gasto Direto;2190.46;CANOAS
1;Gasto Direto;1949.92;CANOAS
1;Gasto Direto;15355.98;CANOAS
1;Gasto Direto;45452.05;CANOAS
1;Gasto Direto;36405.15;CANOAS
1;Gasto Direto;9099.63;CANOAS
1;Gasto Direto;2971.31;CANOAS
1;Gasto Direto;10291.52;CANOAS
1;Gasto Direto;29449.48;CANOAS
1;Gasto Direto;2339.9;CANOAS
1;Gasto Direto;11237.99;CANOAS
1;Gasto Direto;505.12;CANOAS
1;Gasto Direto;4000.0;CANOAS
1;Gasto Direto;2367.76;CANOAS
1;Gasto Direto;12519.55;CANOAS
1;Gasto Direto;139.28;CANOAS
1;Gasto Direto;1870.37;CANOAS
1;Gasto Direto;1699.22;CANOAS
1;Gasto Direto;5142.55;CANOAS
1;Gasto Direto;1546.01;CANOAS
1;Gasto Direto;5879.5;CANOAS
1;Gasto Direto;2793.97;CANOAS
1;Gasto Direto;557.12;CANOAS
1;Gasto Direto;278.56;CANOAS
1;Gasto Direto;2571.92;CANOAS
1;Gasto Direto;1179.07;CANOAS
1;Gasto Direto;254.8;CANOAS
1;Gasto Direto;180.0;CANOAS
1;Gasto Direto;207.48;CANOAS
1;Gasto Direto;207.48;CANOAS
1;Gasto Direto;180.0;CANOAS
1;Gasto Direto;300.0;CANOAS
1;Gasto Direto;300.0;CANOAS
1;Gasto Direto;300.0;CANOAS
1;Gasto Direto;180.0;CANOAS
1;Gasto Direto;180.0;CANOAS
1;Gasto Direto;180.0;CANOAS
1;Gasto Direto;180.0;CANOAS
1;Gasto Direto;180.0;CANOAS
1;Gasto Direto;180.0;CANOAS
1;Gasto Direto;1.0;CANOAS
1;Gasto Direto;1.0;CANOAS
1;Gasto Direto;1.0;CANOAS
1;Gasto Direto;1.0;CANOAS
1;Gasto Direto;1.0;CANOAS
1;Gasto Direto;1.0;CANOAS
1;Gasto Direto;1.0;CANOAS
1;Gasto Direto;1.0;CANOAS
1;Gasto Direto;1.0;CANOAS
1;Gasto Direto;1.0;CANOAS
1;Gasto Direto;1.0;CANOAS
1;Gasto Direto;1.0;CANOAS
1;Gasto Direto;1.0;CANOAS
1;Gasto Direto;1.0;CANOAS
1;Gasto Direto;1.0;CANOAS
1;Gasto Direto;1.0;CANOAS
1;Gasto Direto;1.0;CANOAS
1;Gasto Direto;1.0;CANOAS
1;Gasto Direto;1.0;CANOAS
1;Gasto Direto;1.0;CANOAS
1;Gasto Direto;1.0;CANOAS
1;Gasto Direto;207.48;CANOAS
1;Gasto Direto;1206.36;CANOAS
1;Gasto Direto;15549.69;CANOAS
1;Gasto Direto;140.31;CANOAS
1;Gasto Direto;140.31;CANOAS
1;Gasto Direto;1860.0;CANOAS
1;Gasto Direto;1860.0;CANOAS
1;Gasto Direto;1860.0;CANOAS
1;Gasto Direto;1550.0;CANOAS
1;Gasto Direto;1550.0;CANOAS
1;Gasto Direto;1550.0;CANOAS
1;Gasto Direto;300.63;CANOAS
1;Gasto Direto;905.22;CANOAS
1;Gasto Direto;635.33;CANOAS
1;Gasto Direto;4869.11;CANOAS
1;Gasto Direto;50.34;CANOAS
1;Gasto Direto;29827.2;CANOAS
1;Gasto Direto;24225.57;CANOAS
1;Gasto Direto;866.0;CANOAS
1;Gasto Direto;10577.52;CANOAS
1;Gasto Direto;17073.81;CANOAS
1;Gasto Direto;200.0;CANOAS
1;Gasto Direto;200.0;CANOAS
1;Gasto Direto;200.0;CANOAS
1;Gasto Direto;150.0;CANOAS
1;Gasto Direto;400.0;CANOAS
1;Gasto Direto;150.0;CANOAS
1;Gasto Direto;200.0;CANOAS
1;Gasto Direto;500.0;CANOAS
1;Gasto Direto;200.0;CANOAS
1;Gasto Direto;200.0;CANOAS
1;Gasto Direto;3000.0;CANOAS
1;Gasto Direto;8410.37;CANOAS
1;Gasto Direto;1143.0;CANOAS
1;Gasto Direto;12983.17;CANOAS
1;Gasto Direto;1.0;CANOAS
1;Gasto Direto;1.0;CANOAS
1;Gasto Direto;1.0;CANOAS
1;Gasto Direto;1.0;CANOAS
1;Gasto Direto;1.0;CANOAS
1;Gasto Direto;1.0;CANOAS
1;Gasto Direto;1.0;CANOAS
1;Gasto Direto;1.0;CANOAS
1;Gasto Direto;1.0;CANOAS
1;Gasto Direto;1.0;CANOAS
1;Gasto Direto;1.0;CANOAS
1;Gasto Direto;1.0;CANOAS
1;Gasto Direto;1.0;CANOAS
1;Gasto Direto;1.0;CANOAS
1;Gasto Direto;63360.0;CANOAS
1;Gasto Direto;38000.0;CANOAS
1;Gasto Direto;4435.0;CANOAS
1;Gasto Direto;140.31;CANOAS
1;Gasto Direto;100.51;CANOAS
1;Gasto Direto;44554.39;CANOAS
1;Gasto Direto;30447.86;CANOAS
1;Transferência;721841.67;CANOAS
1;Transferência;2950258.93;CANOAS
1;Transferência;2334215.42;CANOAS
1;Transferência;13083.32;CANOAS
1;Gasto Direto;169.75;CANOAS
1;Gasto Direto;100.51;CANOAS
1;Gasto Direto;4776.17;CANOAS
1;Gasto Direto;161318.07;CANOAS
1;Gasto Direto;175915.27;CANOAS
2;Gasto Direto;5467.85;CANOAS
2;Gasto Direto;46000.0;CANOAS
2;Gasto Direto;5824.05;CANOAS
2;Gasto Direto;5824.05;CANOAS
2;Gasto Direto;5241.67;CANOAS
2;Gasto Direto;11897.4;CANOAS
2;Gasto Direto;249997.21;CANOAS
2;Gasto Direto;25285.88;CANOAS
2;Gasto Direto;6976.56;CANOAS
2;Gasto Direto;2050.0;CANOAS
2;Gasto Direto;28495.66;CANOAS
2;Gasto Direto;28495.66;CANOAS
2;Gasto Direto;13245.57;CANOAS
2;Gasto Direto;7600.0;CANOAS
2;Gasto Direto;13488.12;CANOAS
2;Gasto Direto;20608.88;CANOAS
2;Gasto Direto;681.74;CANOAS
2;Gasto Direto;953.85;CANOAS
2;Gasto Direto;22085.65;CANOAS
2;Gasto Direto;142200.0;CANOAS
2;Gasto Direto;142200.0;CANOAS
2;Gasto Direto;761.82;CANOAS
2;Gasto Direto;37821.48;CANOAS
2;Gasto Direto;2658.98;CANOAS
2;Gasto Direto;20400.0;CANOAS
2;Gasto Direto;71630.34;CANOAS
2;Gasto Direto;95738.71;CANOAS
2;Gasto Direto;178987.02;CANOAS
2;Gasto Direto;197228.28;CANOAS
2;Gasto Direto;98019.16;CANOAS
2;Gasto Direto;21234.03;CANOAS
2;Gasto Direto;20685.09;CANOAS
2;Gasto Direto;29747.2;CANOAS
2;Gasto Direto;18825.86;CANOAS
2;Gasto Direto;100.51;CANOAS
2;Gasto Direto;100.51;CANOAS
2;Gasto Direto;100.51;CANOAS
2;Gasto Direto;100.51;CANOAS
2;Gasto Direto;100.51;CANOAS
2;Gasto Direto;100.51;CANOAS
2;Gasto Direto;100.51;CANOAS
2;Gasto Direto;100.51;CANOAS
2;Gasto Direto;7460.0;CANOAS
2;Gasto Direto;100.51;CANOAS
2;Gasto Direto;100.51;CANOAS
2;Transferência;9100.0;CANOAS
2;Transferência;40928.36;CANOAS
2;Gasto Direto;6112.0;CANOAS
2;Gasto Direto;6432.0;CANOAS
2;Gasto Direto;6528.0;CANOAS
2;Gasto Direto;4640.0;CANOAS
2;Gasto Direto;6928.0;CANOAS
2;Gasto Direto;4656.0;CANOAS
2;Gasto Direto;4112.0;CANOAS
2;Gasto Direto;4960.0;CANOAS
2;Gasto Direto;4384.0;CANOAS
2;Gasto Direto;8464.0;CANOAS
2;Gasto Direto;11344.0;CANOAS
2;Gasto Direto;20128.0;CANOAS
2;Gasto Direto;3904.0;CANOAS
2;Gasto Direto;5120.0;CANOAS
2;Gasto Direto;2592.0;CANOAS
2;Gasto Direto;6736.6;CANOAS
2;Gasto Direto;6800.0;CANOAS
2;Gasto Direto;4800.0;CANOAS
2;Gasto Direto;3264.0;CANOAS
2;Gasto Direto;10544.0;CANOAS
2;Gasto Direto;11728.0;CANOAS
2;Gasto Direto;5632.0;CANOAS
2;Gasto Direto;19944.8;CANOAS
2;Gasto Direto;9552.0;CANOAS
2;Gasto Direto;9939.6;CANOAS
2;Gasto Direto;18986.6;CANOAS
2;Gasto Direto;20064.0;CANOAS
2;Gasto Direto;26300.6;CANOAS
2;Gasto Direto;6208.0;CANOAS
2;Gasto Direto;11024.0;CANOAS
2;Gasto Direto;22127.6;CANOAS
2;Gasto Direto;16720.0;CANOAS
2;Gasto Direto;21460.2;CANOAS
2;Gasto Direto;14608.0;CANOAS
2;Gasto Direto;2000.0;CANOAS
2;Gasto Direto;100.51;CANOAS
2;Gasto Direto;201.01;CANOAS
2;Gasto Direto;201.01;CANOAS
2;Gasto Direto;201.01;CANOAS
2;Gasto Direto;301.52;CANOAS
2;Gasto Direto;201.01;CANOAS
2;Gasto Direto;100.51;CANOAS
2;Gasto Direto;100.51;CANOAS
2;Gasto Direto;201.01;CANOAS
2;Gasto Direto;23500.0;CANOAS
2;Gasto Direto;23500.0;CANOAS
2;Gasto Direto;1863.06;CANOAS
2;Gasto Direto;1863.06;CANOAS
2;Gasto Direto;23500.0;CANOAS
2;Gasto Direto;23500.0;CANOAS
2;Gasto Direto;1863.06;CANOAS
2;Gasto Direto;1863.06;CANOAS
2;Gasto Direto;301.52;CANOAS
2;Gasto Direto;100.51;CANOAS
2;Gasto Direto;100.51;CANOAS
2;Gasto Direto;100.51;CANOAS
2;Gasto Direto;100.51;CANOAS
2;Gasto Direto;100.51;CANOAS
2;Gasto Direto;100.51;CANOAS
2;Gasto Direto;100.51;CANOAS
2;Gasto Direto;100.51;CANOAS
2;Gasto Direto;100.51;CANOAS
2;Gasto Direto;100.51;CANOAS
2;Gasto Direto;100.51;CANOAS
2;Gasto Direto;100.51;CANOAS
2;Gasto Direto;100.51;CANOAS
2;Gasto Direto;100.51;CANOAS
2;Gasto Direto;100.51;CANOAS
2;Gasto Direto;100.51;CANOAS
2;Gasto Direto;100.51;CANOAS
2;Gasto Direto;100.51;CANOAS
2;Gasto Direto;100.51;CANOAS
2;Gasto Direto;100.51;CANOAS
2;Gasto Direto;100.51;CANOAS
2;Gasto Direto;100.51;CANOAS
2;Gasto Direto;100.51;CANOAS
2;Gasto Direto;100.51;CANOAS
2;Gasto Direto;100.51;CANOAS
2;Gasto Direto;100.51;CANOAS
2;Gasto Direto;100.51;CANOAS
2;Gasto Direto;100.51;CANOAS
2;Transferência;12000.0;CANOAS
2;Transferência;12000.0;CANOAS
2;Transferência;35600.0;CANOAS
2;Transferência;35600.0;CANOAS
2;Transferência;26244.38;CANOAS
2;Transferência;225000.0;CANOAS
2;Transferência;135000.0;CANOAS
2;Transferência;316533.92;CANOAS
2;Gasto Direto;100.51;CANOAS
2;Gasto Direto;100.51;CANOAS
2;Gasto Direto;100.51;CANOAS
2;Gasto Direto;100.51;CANOAS
2;Gasto Direto;100.51;CANOAS
2;Gasto Direto;100.51;CANOAS
2;Gasto Direto;100.51;CANOAS
2;Gasto Direto;100.51;CANOAS
2;Gasto Direto;11199.98;CANOAS
2;Gasto Direto;100.51;CANOAS
2;Gasto Direto;100.51;CANOAS
2;Gasto Direto;100.51;CANOAS
2;Gasto Direto;9292.92;CANOAS
2;Gasto Direto;100.51;CANOAS
2;Gasto Direto;201.01;CANOAS
2;Gasto Direto;100.51;CANOAS
2;Gasto Direto;201.01;CANOAS
2;Gasto Direto;201.01;CANOAS
2;Gasto Direto;100.51;CANOAS
2;Gasto Direto;100.51;CANOAS
2;Gasto Direto;100.51;CANOAS
2;Gasto Direto;100.51;CANOAS
2;Transferência;180000.0;CANOAS
2;Transferência;2080.0;CANOAS
2;Gasto Direto;180.0;CANOAS
2;Gasto Direto;300.0;CANOAS
2;Gasto Direto;180.0;CANOAS
2;Gasto Direto;180.0;CANOAS
2;Gasto Direto;207.48;CANOAS
2;Gasto Direto;208.73;CANOAS
2;Gasto Direto;180.0;CANOAS
2;Gasto Direto;180.0;CANOAS
2;Gasto Direto;180.0;CANOAS
2;Gasto Direto;180.0;CANOAS
2;Gasto Direto;180.0;CANOAS
2;Gasto Direto;300.0;CANOAS
2;Gasto Direto;180.0;CANOAS
2;Gasto Direto;180.0;CANOAS
2;Gasto Direto;180.0;CANOAS
2;Gasto Direto;180.0;CANOAS
2;Gasto Direto;180.0;CANOAS
2;Gasto Direto;100.51;CANOAS
2;Gasto Direto;100.51;CANOAS
2;Gasto Direto;100.51;CANOAS
2;Gasto Direto;100.51;CANOAS
2;Gasto Direto;100.51;CANOAS
2;Gasto Direto;100.51;CANOAS
2;Gasto Direto;100.51;CANOAS
2;Gasto Direto;100.51;CANOAS
2;Gasto Direto;100.51;CANOAS
2;Gasto Direto;100.51;CANOAS
2;Gasto Direto;100.51;CANOAS
2;Gasto Direto;100.51;CANOAS
2;Gasto Direto;100.51;CANOAS
2;Gasto Direto;100.51;CANOAS
2;Gasto Direto;100.51;CANOAS
2;Gasto Direto;100.51;CANOAS
2;Gasto Direto;100.51;CANOAS
2;Gasto Direto;601.28;CANOAS
2;Gasto Direto;100.51;CANOAS
2;Gasto Direto;3103.31;CANOAS
2;Gasto Direto;12869.02;CANOAS
2;Gasto Direto;13059.82;CANOAS
2;Gasto Direto;100.51;CANOAS
2;Gasto Direto;100.51;CANOAS
2;Gasto Direto;100.51;CANOAS
2;Gasto Direto;301.52;CANOAS
2;Gasto Direto;301.52;CANOAS
2;Gasto Direto;100.51;CANOAS
2;Gasto Direto;100.51;CANOAS
2;Gasto Direto;100.51;CANOAS
2;Gasto Direto;100.51;CANOAS
2;Gasto Direto;100.51;CANOAS
2;Gasto Direto;100.51;CANOAS
2;Gasto Direto;100.51;CANOAS
2;Gasto Direto;100.51;CANOAS
2;Gasto Direto;100.51;CANOAS
2;Gasto Direto;100.51;CANOAS
2;Gasto Direto;100.51;CANOAS
2;Gasto Direto;100.51;CANOAS
2;Gasto Direto;100.51;CANOAS
2;Gasto Direto;100.51;CANOAS
2;Gasto Direto;100.51;CANOAS
2;Gasto Direto;100.51;CANOAS
2;Gasto Direto;100.51;CANOAS
2;Gasto Direto;100.51;CANOAS
2;Gasto Direto;100.51;CANOAS
2;Gasto Direto;100.51;CANOAS
2;Gasto Direto;100.51;CANOAS
2;Gasto Direto;100.51;CANOAS
2;Gasto Direto;100.51;CANOAS
2;Gasto Direto;100.51;CANOAS
2;Gasto Direto;100.51;CANOAS
2;Gasto Direto;100.51;CANOAS
2;Gasto Direto;100.51;CANOAS
2;Gasto Direto;100.51;CANOAS
2;Gasto Direto;100.51;CANOAS
2;Gasto Direto;100.51;CANOAS
2;Gasto Direto;100.51;CANOAS
2;Gasto Direto;100.51;CANOAS
2;Gasto Direto;100.51;CANOAS
2;Gasto Direto;22188.79;CANOAS
2;Gasto Direto;6545.7;CANOAS
2;Gasto Direto;13784.45;CANOAS
2;Gasto Direto;208.73;CANOAS
2;Gasto Direto;417.45;CANOAS
2;Gasto Direto;417.45;CANOAS
2;Gasto Direto;357.82;CANOAS
2;Gasto Direto;357.82;CANOAS
2;Gasto Direto;357.82;CANOAS
2;Gasto Direto;208.73;CANOAS
2;Gasto Direto;208.73;CANOAS
2;Gasto Direto;208.73;CANOAS
2;Gasto Direto;197050.83;CANOAS
2;Gasto Direto;131367.23;CANOAS
2;Gasto Direto;140.31;CANOAS
2;Gasto Direto;154.0;CANOAS
2;Gasto Direto;179388.35;CANOAS
2;Gasto Direto;219931.69;CANOAS
2;Gasto Direto;16355.87;CANOAS
2;Gasto Direto;10577.52;CANOAS
2;Gasto Direto;561.24;CANOAS
2;Gasto Direto;2602.21;CANOAS
2;Gasto Direto;696.4;CANOAS
2;Gasto Direto;3817.33;CANOAS
2;Gasto Direto;835.68;CANOAS
2;Gasto Direto;200.0;CANOAS
2;Gasto Direto;150.0;CANOAS
2;Gasto Direto;3259.01;CANOAS
2;Gasto Direto;400.0;CANOAS
2;Gasto Direto;150.0;CANOAS
2;Gasto Direto;557.12;CANOAS
2;Gasto Direto;200.0;CANOAS
2;Gasto Direto;500.0;CANOAS
2;Gasto Direto;200.0;CANOAS
2;Gasto Direto;200.0;CANOAS
2;Gasto Direto;3000.0;CANOAS
2;Gasto Direto;11017.05;CANOAS
2;Gasto Direto;490.0;CANOAS
2;Gasto Direto;100.51;CANOAS
2;Gasto Direto;2190.46;CANOAS
2;Gasto Direto;1095.23;CANOAS
2;Gasto Direto;2190.46;CANOAS
2;Gasto Direto;2190.46;CANOAS
2;Gasto Direto;1095.23;CANOAS
2;Gasto Direto;3285.69;CANOAS
2;Gasto Direto;2190.46;CANOAS
2;Gasto Direto;2190.46;CANOAS
2;Gasto Direto;7666.61;CANOAS
2;Gasto Direto;6571.38;CANOAS
2;Gasto Direto;2190.46;CANOAS
2;Gasto Direto;2190.46;CANOAS
2;Gasto Direto;1095.23;CANOAS
2;Gasto Direto;3285.69;CANOAS
2;Gasto Direto;46656.8;CANOAS
2;Gasto Direto;3285.69;CANOAS
2;Gasto Direto;1095.23;CANOAS
2;Gasto Direto;11897.4;CANOAS
2;Gasto Direto;1824.0;CANOAS
2;Gasto Direto;36773.94;CANOAS
2;Gasto Direto;2367.76;CANOAS
2;Gasto Direto;11970.11;CANOAS
2;Gasto Direto;11112.42;CANOAS
2;Gasto Direto;2873.81;CANOAS
2;Gasto Direto;2277.2;CANOAS
2;Gasto Direto;2089.2;CANOAS
2;Gasto Direto;15355.98;CANOAS
2;Gasto Direto;1390.87;CANOAS
2;Gasto Direto;139.28;CANOAS
2;Gasto Direto;19490.02;CANOAS
2;Gasto Direto;4812.25;CANOAS
2;Gasto Direto;1759.57;CANOAS
2;Gasto Direto;3998.19;CANOAS
2;Gasto Direto;139.28;CANOAS
2;Gasto Direto;2446.69;CANOAS
2;Gasto Direto;13747.16;CANOAS
2;Gasto Direto;19982.5;CANOAS
2;Gasto Direto;1870.37;CANOAS
2;Gasto Direto;139.28;CANOAS
2;Gasto Direto;2571.92;CANOAS
2;Gasto Direto;278.56;CANOAS
2;Gasto Direto;5837.41;CANOAS
2;Gasto Direto;1671.36;CANOAS
2;Gasto Direto;2957.45;CANOAS
2;Gasto Direto;835.68;CANOAS
2;Gasto Direto;2934.28;CANOAS
2;Gasto Direto;450.34;CANOAS
2;Gasto Direto;5241.67;CANOAS
2;Gasto Direto;100.51;CANOAS
2;Gasto Direto;100.51;CANOAS
2;Transferência;18265.0;CANOAS
2;Transferência;10800.0;CANOAS
2;Transferência;10800.0;CANOAS
2;Transferência;14960.0;CANOAS
2;Transferência;234082.87;CANOAS
2;Transferência;68167.81;CANOAS
2;Transferência;1700.0;CANOAS
2;Transferência;1700.0;CANOAS
2;Gasto Direto;100.51;CANOAS
2;Gasto Direto;100.51;CANOAS
2;Gasto Direto;100.51;CANOAS
2;Gasto Direto;201.01;CANOAS
2;Gasto Direto;201.01;CANOAS
2;Gasto Direto;100.51;CANOAS
2;Gasto Direto;100.51;CANOAS
2;Gasto Direto;100.51;CANOAS
2;Gasto Direto;100.51;CANOAS
2;Gasto Direto;100.51;CANOAS
2;Gasto Direto;100.51;CANOAS
2;Gasto Direto;100.51;CANOAS
2;Gasto Direto;100.51;CANOAS
2;Gasto Direto;100.51;CANOAS
2;Gasto Direto;100.51;CANOAS
2;Gasto Direto;100.51;CANOAS
2;Gasto Direto;100.51;CANOAS
2;Gasto Direto;100.51;CANOAS
2;Gasto Direto;100.51;CANOAS
2;Gasto Direto;100.51;CANOAS
2;Gasto Direto;100.51;CANOAS
2;Gasto Direto;100.51;CANOAS
2;Gasto Direto;100.51;CANOAS
2;Gasto Direto;3607.32;CANOAS
2;Transferência;3300.0;CANOAS
2;Gasto Direto;100.51;CANOAS
2;Gasto Direto;100.51;CANOAS
2;Gasto Direto;100.51;CANOAS
2;Gasto Direto;100.51;CANOAS
2;Gasto Direto;100.51;CANOAS
2;Gasto Direto;100.51;CANOAS
2;Gasto Direto;14164.0;CANOAS
2;Gasto Direto;100.51;CANOAS
2;Gasto Direto;100.51;CANOAS
2;Gasto Direto;4836.56;CANOAS
2;Gasto Direto;100.51;CANOAS
2;Gasto Direto;100.51;CANOAS
2;Gasto Direto;100.51;CANOAS
2;Gasto Direto;100.51;CANOAS
2;Gasto Direto;900.4;CANOAS
2;Gasto Direto;100.51;CANOAS
2;Gasto Direto;100.51;CANOAS
2;Gasto Direto;100.51;CANOAS
2;Gasto Direto;100.51;CANOAS
2;Gasto Direto;100.51;CANOAS
2;Gasto Direto;100.51;CANOAS
2;Gasto Direto;100.51;CANOAS
2;Gasto Direto;100.51;CANOAS
2;Gasto Direto;100.51;CANOAS
2;Gasto Direto;100.51;CANOAS
2;Transferência;24300.0;CANOAS
2;Transferência;2400.0;CANOAS
2;Gasto Direto;4080.0;CANOAS
2;Gasto Direto;4180.0;CANOAS
2;Gasto Direto;4060.0;CANOAS
2;Gasto Direto;2964.0;CANOAS
2;Gasto Direto;3657.0;CANOAS
2;Gasto Direto;2870.0;CANOAS
2;Gasto Direto;2256.0;CANOAS
2;Gasto Direto;3254.0;CANOAS
2;Gasto Direto;2440.0;CANOAS
2;Gasto Direto;5065.0;CANOAS
2;Gasto Direto;6190.0;CANOAS
2;Gasto Direto;12022.0;CANOAS
2;Gasto Direto;1840.0;CANOAS
2;Gasto Direto;3580.0;CANOAS
2;Gasto Direto;1440.0;CANOAS
2;Gasto Direto;4109.0;CANOAS
2;Gasto Direto;3950.0;CANOAS
2;Gasto Direto;4957.0;CANOAS
2;Gasto Direto;1690.0;CANOAS
2;Gasto Direto;5666.0;CANOAS
2;Gasto Direto;6875.0;CANOAS
2;Gasto Direto;8538.0;CANOAS
2;Gasto Direto;6592.0;CANOAS
2;Gasto Direto;5907.0;CANOAS
2;Gasto Direto;10919.0;CANOAS
2;Gasto Direto;11756.0;CANOAS
2;Gasto Direto;11330.0;CANOAS
2;Gasto Direto;3880.0;CANOAS
2;Gasto Direto;6487.0;CANOAS
2;Gasto Direto;10520.0;CANOAS
2;Gasto Direto;10830.0;CANOAS
2;Gasto Direto;9641.0;CANOAS
2;Gasto Direto;9630.0;CANOAS
2;Gasto Direto;2660.0;CANOAS
2;Gasto Direto;100.51;CANOAS
2;Gasto Direto;100.51;CANOAS
2;Gasto Direto;100.51;CANOAS
2;Gasto Direto;100.51;CANOAS
2;Gasto Direto;100.51;CANOAS
2;Gasto Direto;20082.5;CANOAS
2;Gasto Direto;100.51;CANOAS
2;Gasto Direto;100.51;CANOAS
2;Gasto Direto;100.51;CANOAS
2;Gasto Direto;100.51;CANOAS
2;Gasto Direto;100.51;CANOAS
2;Gasto Direto;100.51;CANOAS
2;Gasto Direto;100.51;CANOAS
2;Gasto Direto;100.51;CANOAS
2;Gasto Direto;207.48;CANOAS
2;Gasto Direto;180.0;CANOAS
2;Gasto Direto;180.0;CANOAS
2;Gasto Direto;180.0;CANOAS
2;Gasto Direto;100.51;CANOAS
2;Gasto Direto;100.51;CANOAS
3;Gasto Direto;5930.79;CANOAS
3;Gasto Direto;23640.17;CANOAS
3;Gasto Direto;65061.27;CANOAS
3;Gasto Direto;12360.0;CANOAS
3;Gasto Direto;272.6;CANOAS
3;Gasto Direto;5467.85;CANOAS
3;Gasto Direto;132313.82;CANOAS
3;Gasto Direto;73507.69;CANOAS
3;Gasto Direto;65210.75;CANOAS
3;Gasto Direto;1287.75;CANOAS
3;Gasto Direto;249414.38;CANOAS
3;Gasto Direto;26310.43;CANOAS
3;Gasto Direto;26310.43;CANOAS
3;Gasto Direto;13388.72;CANOAS
3;Gasto Direto;7600.0;CANOAS
3;Gasto Direto;13169.06;CANOAS
3;Gasto Direto;45188.72;CANOAS
3;Gasto Direto;6840.06;CANOAS
3;Gasto Direto;431239.53;CANOAS
3;Gasto Direto;22085.65;CANOAS
3;Gasto Direto;3631.52;CANOAS
3;Gasto Direto;20400.0;CANOAS
3;Gasto Direto;20685.09;CANOAS
3;Gasto Direto;21234.03;CANOAS
3;Gasto Direto;8772.73;CANOAS
3;Transferência;68167.81;CANOAS
3;Gasto Direto;100.51;CANOAS
3;Gasto Direto;18405.93;CANOAS
3;Gasto Direto;2101.96;CANOAS
3;Gasto Direto;2383.76;CANOAS
3;Gasto Direto;1599.5;CANOAS
3;Gasto Direto;100.51;CANOAS
3;Gasto Direto;100.51;CANOAS
3;Gasto Direto;20608.88;CANOAS
3;Gasto Direto;100.51;CANOAS
3;Transferência;35600.0;CANOAS
3;Transferência;35600.0;CANOAS
3;Transferência;26244.38;CANOAS
3;Gasto Direto;165.69;CANOAS
3;Gasto Direto;219.26;CANOAS
3;Transferência;3300.0;CANOAS
3;Gasto Direto;57085.97;CANOAS
3;Gasto Direto;81063.57;CANOAS
3;Gasto Direto;178282.24;CANOAS
3;Gasto Direto;147678.31;CANOAS
3;Gasto Direto;76123.93;CANOAS
3;Gasto Direto;155863.38;CANOAS
3;Gasto Direto;189939.92;CANOAS
3;Gasto Direto;1095.23;CANOAS
3;Gasto Direto;3285.69;CANOAS
3;Gasto Direto;2190.46;CANOAS
3;Gasto Direto;1095.23;CANOAS
3;Gasto Direto;2190.46;CANOAS
3;Gasto Direto;2190.46;CANOAS
3;Gasto Direto;3139.66;CANOAS
3;Gasto Direto;2190.46;CANOAS
3;Gasto Direto;3285.69;CANOAS
3;Gasto Direto;2190.46;CANOAS
3;Gasto Direto;8761.84;CANOAS
3;Gasto Direto;46656.8;CANOAS
3;Gasto Direto;6571.38;CANOAS
3;Gasto Direto;2190.46;CANOAS
3;Gasto Direto;1095.23;CANOAS
3;Gasto Direto;1095.23;CANOAS
3;Gasto Direto;37342.89;CANOAS
3;Gasto Direto;11281.68;CANOAS
3;Gasto Direto;139.28;CANOAS
3;Gasto Direto;3998.19;CANOAS
3;Gasto Direto;1227.39;CANOAS
3;Gasto Direto;417.84;CANOAS
3;Gasto Direto;417.84;CANOAS
3;Gasto Direto;3148.93;CANOAS
3;Gasto Direto;3097.76;CANOAS
3;Gasto Direto;557.12;CANOAS
3;Gasto Direto;5060.81;CANOAS
3;Gasto Direto;1671.36;CANOAS
3;Gasto Direto;1227.39;CANOAS
3;Gasto Direto;417.84;CANOAS
3;Transferência;9100.0;CANOAS
3;Transferência;40928.36;CANOAS
3;Gasto Direto;178157.96;CANOAS
3;Gasto Direto;170784.26;CANOAS
3;Transferência;721841.67;CANOAS
3;Transferência;2950258.93;CANOAS
3;Transferência;2334215.42;CANOAS
3;Transferência;13083.32;CANOAS
3;Gasto Direto;2571.92;CANOAS
3;Gasto Direto;278.56;CANOAS
3;Transferência;180000.0;CANOAS
3;Transferência;225000.0;CANOAS
3;Transferência;135000.0;CANOAS
3;Gasto Direto;6944.0;CANOAS
3;Gasto Direto;6944.0;CANOAS
3;Gasto Direto;6496.0;CANOAS
3;Gasto Direto;4704.0;CANOAS
3;Gasto Direto;5888.0;CANOAS
3;Gasto Direto;4592.0;CANOAS
3;Gasto Direto;3552.0;CANOAS
3;Gasto Direto;5312.0;CANOAS
3;Gasto Direto;3904.0;CANOAS
3;Gasto Direto;8080.0;CANOAS
3;Gasto Direto;9904.0;CANOAS
3;Gasto Direto;19200.0;CANOAS
3;Gasto Direto;2944.0;CANOAS
3;Gasto Direto;6336.0;CANOAS
3;Gasto Direto;2304.0;CANOAS
3;Gasto Direto;6528.0;CANOAS
3;Gasto Direto;6320.0;CANOAS
3;Gasto Direto;14996.4;CANOAS
3;Gasto Direto;2704.0;CANOAS
3;Gasto Direto;9312.0;CANOAS
3;Gasto Direto;10976.0;CANOAS
3;Gasto Direto;18725.0;CANOAS
3;Gasto Direto;9072.0;CANOAS
3;Gasto Direto;7625.8;CANOAS
3;Gasto Direto;28582.6;CANOAS
3;Gasto Direto;18752.0;CANOAS
3;Gasto Direto;24246.2;CANOAS
3;Gasto Direto;6208.0;CANOAS
3;Gasto Direto;10496.0;CANOAS
3;Gasto Direto;22898.0;CANOAS
3;Gasto Direto;17936.0;CANOAS
3;Gasto Direto;18777.2;CANOAS
3;Gasto Direto;16208.0;CANOAS
3;Gasto Direto;1536.0;CANOAS
3;Gasto Direto;4776.17;CANOAS
3;Gasto Direto;561.24;CANOAS
3;Gasto Direto;3950.56;CANOAS
3;Gasto Direto;766.04;CANOAS
3;Gasto Direto;12214.04;CANOAS
3;Gasto Direto;2367.76;CANOAS
3;Gasto Direto;1870.37;CANOAS
3;Gasto Direto;139.28;CANOAS
3;Gasto Direto;807.82;CANOAS
3;Gasto Direto;2957.45;CANOAS
3;Gasto Direto;2190.46;CANOAS
3;Gasto Direto;14083.9;CANOAS
3;Gasto Direto;2507.04;CANOAS
3;Gasto Direto;11154.19;CANOAS
3;Gasto Direto;2799.53;CANOAS
3;Transferência;12000.0;CANOAS
3;Transferência;12000.0;CANOAS
3;Transferência;1700.0;CANOAS
3;Transferência;1700.0;CANOAS
3;Transferência;10800.0;CANOAS
3;Transferência;10800.0;CANOAS
3;Transferência;14960.0;CANOAS
3;Transferência;50000.0;CANOAS
3;Transferência;100000.0;CANOAS
3;Gasto Direto;1390.87;CANOAS
3;Gasto Direto;139.28;CANOAS
3;Gasto Direto;15996.87;CANOAS
3;Gasto Direto;2089.2;CANOAS
3;Gasto Direto;83.65;CANOAS
3;Gasto Direto;6168.49;CANOAS
3;Gasto Direto;1671.36;CANOAS
3;Gasto Direto;2513.35;CANOAS
3;Gasto Direto;696.4;CANOAS
3;Gasto Direto;201.01;CANOAS
3;Gasto Direto;201.01;CANOAS
3;Gasto Direto;201.01;CANOAS
3;Transferência;75000.0;CANOAS
3;Gasto Direto;14516.68;CANOAS
3;Gasto Direto;100.51;CANOAS
3;Gasto Direto;100.51;CANOAS
3;Transferência;234582.87;CANOAS
3;Gasto Direto;100.51;CANOAS
3;Gasto Direto;100.51;CANOAS
3;Gasto Direto;100.51;CANOAS
3;Gasto Direto;100.51;CANOAS
3;Gasto Direto;100.51;CANOAS
3;Gasto Direto;100.51;CANOAS
3;Gasto Direto;100.51;CANOAS
3;Gasto Direto;100.51;CANOAS
3;Gasto Direto;100.51;CANOAS
3;Gasto Direto;100.51;CANOAS
3;Gasto Direto;100.51;CANOAS
3;Gasto Direto;100.51;CANOAS
3;Gasto Direto;100.51;CANOAS
3;Gasto Direto;100.51;CANOAS
3;Gasto Direto;100.51;CANOAS
3;Gasto Direto;100.51;CANOAS
3;Transferência;17680.0;CANOAS
3;Gasto Direto;100.51;CANOAS
3;Gasto Direto;100.51;CANOAS
3;Gasto Direto;100.51;CANOAS
3;Gasto Direto;100.51;CANOAS
3;Gasto Direto;100.51;CANOAS
3;Gasto Direto;100.51;CANOAS
3;Gasto Direto;100.51;CANOAS
3;Gasto Direto;100.51;CANOAS
3;Gasto Direto;201.01;CANOAS
3;Gasto Direto;100.51;CANOAS
3;Gasto Direto;100.51;CANOAS
3;Gasto Direto;100.51;CANOAS
3;Gasto Direto;100.51;CANOAS
3;Gasto Direto;100.51;CANOAS
3;Gasto Direto;100.51;CANOAS
3;Gasto Direto;100.51;CANOAS
3;Gasto Direto;100.51;CANOAS
3;Gasto Direto;100.51;CANOAS
3;Gasto Direto;100.51;CANOAS
3;Gasto Direto;100.51;CANOAS
3;Gasto Direto;100.51;CANOAS
3;Gasto Direto;12022.0;CANOAS
3;Gasto Direto;11756.0;CANOAS
3;Gasto Direto;11330.0;CANOAS
3;Gasto Direto;10919.0;CANOAS
3;Gasto Direto;10830.0;CANOAS
3;Gasto Direto;10520.0;CANOAS
3;Gasto Direto;9641.0;CANOAS
3;Gasto Direto;9630.0;CANOAS
3;Transferência;317059.63;CANOAS
3;Gasto Direto;8538.0;CANOAS
3;Gasto Direto;6875.0;CANOAS
3;Gasto Direto;6592.0;CANOAS
3;Gasto Direto;6487.0;CANOAS
3;Gasto Direto;6190.0;CANOAS
3;Gasto Direto;5907.0;CANOAS
3;Gasto Direto;5666.0;CANOAS
3;Gasto Direto;5065.0;CANOAS
3;Gasto Direto;4957.0;CANOAS
3;Gasto Direto;4180.0;CANOAS
3;Gasto Direto;4109.0;CANOAS
3;Gasto Direto;4080.0;CANOAS
3;Gasto Direto;4060.0;CANOAS
3;Gasto Direto;3950.0;CANOAS
3;Gasto Direto;3880.0;CANOAS
3;Gasto Direto;3657.0;CANOAS
3;Gasto Direto;3580.0;CANOAS
3;Gasto Direto;3254.0;CANOAS
3;Gasto Direto;2964.0;CANOAS
3;Gasto Direto;2870.0;CANOAS
3;Gasto Direto;2440.0;CANOAS
3;Gasto Direto;2256.0;CANOAS
3;Gasto Direto;1920.0;CANOAS
3;Gasto Direto;1840.0;CANOAS
3;Gasto Direto;1690.0;CANOAS
3;Gasto Direto;1440.0;CANOAS
3;Gasto Direto;1711.69;CANOAS
3;Gasto Direto;100.51;CANOAS
3;Gasto Direto;100.51;CANOAS
3;Gasto Direto;100.51;CANOAS
3;Gasto Direto;100.51;CANOAS
3;Gasto Direto;100.51;CANOAS
3;Gasto Direto;100.51;CANOAS
3;Gasto Direto;100.51;CANOAS
3;Gasto Direto;100.51;CANOAS
3;Gasto Direto;100.51;CANOAS
3;Gasto Direto;169.75;CANOAS
3;Gasto Direto;100.51;CANOAS
3;Gasto Direto;100.51;CANOAS
3;Gasto Direto;100.51;CANOAS
3;Gasto Direto;100.51;CANOAS
3;Gasto Direto;100.51;CANOAS
3;Gasto Direto;100.51;CANOAS
3;Gasto Direto;222.66;CANOAS
3;Gasto Direto;100.51;CANOAS
3;Gasto Direto;100.51;CANOAS
3;Gasto Direto;201.01;CANOAS
3;Gasto Direto;11900.0;CANOAS
3;Gasto Direto;100.51;CANOAS
3;Gasto Direto;100.51;CANOAS
3;Gasto Direto;100.51;CANOAS
3;Gasto Direto;100.51;CANOAS
3;Gasto Direto;100.51;CANOAS
3;Gasto Direto;100.51;CANOAS
3;Gasto Direto;100.51;CANOAS
3;Gasto Direto;100.51;CANOAS
3;Gasto Direto;100.51;CANOAS
3;Gasto Direto;201.01;CANOAS
3;Gasto Direto;100.51;CANOAS
3;Gasto Direto;100.51;CANOAS
3;Gasto Direto;100.51;CANOAS
3;Gasto Direto;100.51;CANOAS
3;Gasto Direto;100.51;CANOAS
3;Gasto Direto;100.51;CANOAS
3;Gasto Direto;100.51;CANOAS
3;Gasto Direto;100.51;CANOAS
3;Gasto Direto;100.51;CANOAS
3;Gasto Direto;100.51;CANOAS
3;Gasto Direto;100.51;CANOAS
3;Gasto Direto;100.51;CANOAS
3;Gasto Direto;100.51;CANOAS
3;Gasto Direto;100.51;CANOAS
3;Gasto Direto;100.51;CANOAS
3;Gasto Direto;100.51;CANOAS
3;Gasto Direto;100.51;CANOAS
3;Gasto Direto;100.51;CANOAS
3;Gasto Direto;100.51;CANOAS
3;Gasto Direto;100.51;CANOAS
3;Gasto Direto;100.51;CANOAS
3;Gasto Direto;201.01;CANOAS
3;Gasto Direto;100.51;CANOAS
3;Gasto Direto;100.51;CANOAS
3;Gasto Direto;13644.42;CANOAS
3;Gasto Direto;100.51;CANOAS
3;Gasto Direto;100.51;CANOAS
3;Gasto Direto;100.51;CANOAS
3;Gasto Direto;100.51;CANOAS
3;Gasto Direto;100.51;CANOAS
3;Gasto Direto;100.51;CANOAS
3;Gasto Direto;100.51;CANOAS
3;Gasto Direto;100.51;CANOAS
3;Gasto Direto;100.51;CANOAS
3;Gasto Direto;100.51;CANOAS
3;Gasto Direto;14110.0;CANOAS
3;Gasto Direto;100.51;CANOAS
3;Gasto Direto;100.51;CANOAS
3;Gasto Direto;100.51;CANOAS
3;Gasto Direto;100.51;CANOAS
3;Gasto Direto;100.51;CANOAS
3;Gasto Direto;100.51;CANOAS
3;Gasto Direto;100.51;CANOAS
3;Gasto Direto;100.51;CANOAS
3;Gasto Direto;2633.91;CANOAS
3;Gasto Direto;2351.66;CANOAS
3;Gasto Direto;7239.56;CANOAS
3;Gasto Direto;6800.56;CANOAS
3;Gasto Direto;100.51;CANOAS
3;Gasto Direto;100.51;CANOAS
3;Gasto Direto;100.51;CANOAS
3;Gasto Direto;100.51;CANOAS
3;Gasto Direto;100.51;CANOAS
3;Gasto Direto;100.51;CANOAS
3;Gasto Direto;310.1;CANOAS
3;Gasto Direto;12969.02;CANOAS
3;Gasto Direto;100.51;CANOAS
3;Gasto Direto;100.51;CANOAS
3;Gasto Direto;100.51;CANOAS
3;Gasto Direto;100.51;CANOAS
3;Gasto Direto;100.51;CANOAS
3;Gasto Direto;100.51;CANOAS
3;Gasto Direto;100.51;CANOAS
3;Gasto Direto;100.51;CANOAS
3;Gasto Direto;13059.82;CANOAS
3;Gasto Direto;7659.58;CANOAS
3;Gasto Direto;17073.81;CANOAS
3;Gasto Direto;100.51;CANOAS
3;Gasto Direto;100.51;CANOAS
3;Gasto Direto;11897.4;CANOAS
3;Gasto Direto;8856.84;CANOAS
3;Gasto Direto;100.51;CANOAS
3;Gasto Direto;100.51;CANOAS
3;Gasto Direto;100.51;CANOAS
3;Gasto Direto;14676.4;CANOAS
3;Gasto Direto;100.51;CANOAS
3;Gasto Direto;100.51;CANOAS
3;Gasto Direto;100.51;CANOAS
3;Gasto Direto;19582.5;CANOAS
3;Gasto Direto;100.51;CANOAS
3;Gasto Direto;100.51;CANOAS
3;Gasto Direto;100.51;CANOAS
3;Gasto Direto;100.51;CANOAS
3;Gasto Direto;6967.91;CANOAS
3;Gasto Direto;200.0;CANOAS
3;Gasto Direto;150.0;CANOAS
3;Gasto Direto;400.0;CANOAS
3;Gasto Direto;150.0;CANOAS
3;Gasto Direto;200.0;CANOAS
3;Gasto Direto;500.0;CANOAS
3;Gasto Direto;200.0;CANOAS
3;Gasto Direto;200.0;CANOAS
3;Gasto Direto;3000.0;CANOAS
3;Gasto Direto;100.51;CANOAS
3;Gasto Direto;100.51;CANOAS
3;Gasto Direto;30107.2;CANOAS
3;Gasto Direto;100.51;CANOAS
3;Gasto Direto;100.51;CANOAS
3;Gasto Direto;100.51;CANOAS
3;Gasto Direto;29987.2;CANOAS
3;Transferência;35600.0;CANOAS
3;Transferência;35600.0;CANOAS
3;Transferência;26244.38;CANOAS
3;Transferência;12000.0;CANOAS
3;Transferência;12000.0;CANOAS
3;Gasto Direto;100.51;CANOAS
3;Gasto Direto;100.51;CANOAS
3;Gasto Direto;100.51;CANOAS
3;Gasto Direto;100.51;CANOAS
3;Gasto Direto;100.51;CANOAS
3;Gasto Direto;100.51;CANOAS
3;Gasto Direto;100.51;CANOAS
3;Gasto Direto;100.51;CANOAS
3;Gasto Direto;100.51;CANOAS
3;Gasto Direto;100.51;CANOAS
3;Gasto Direto;100.51;CANOAS
3;Gasto Direto;100.51;CANOAS
3;Gasto Direto;100.51;CANOAS
3;Gasto Direto;100.51;CANOAS
3;Gasto Direto;100.51;CANOAS
3;Gasto Direto;100.51;CANOAS
3;Gasto Direto;100.51;CANOAS
3;Gasto Direto;100.51;CANOAS
3;Gasto Direto;1627.15;CANOAS
3;Gasto Direto;100.51;CANOAS
3;Gasto Direto;207.48;CANOAS
3;Gasto Direto;2262.44;CANOAS
3;Gasto Direto;13594.12;CANOAS
3;Gasto Direto;100.51;CANOAS
3;Gasto Direto;100.51;CANOAS
3;Gasto Direto;100.51;CANOAS
3;Gasto Direto;201.01;CANOAS
3;Gasto Direto;100.51;CANOAS
3;Gasto Direto;100.51;CANOAS
3;Gasto Direto;100.51;CANOAS
3;Gasto Direto;100.51;CANOAS
